bin/gnome-db2html2
bin/gnome-info2html2
bin/gnome-man2html2
bin/hyperbola
bin/nautilus
bin/nautilus-adapter
bin/nautilus-authenticate
bin/nautilus-clean.sh
bin/nautilus-content-loser
bin/nautilus-error-dialog
bin/nautilus-hardware-view
bin/nautilus-history-view
bin/nautilus-image-view
bin/nautilus-launcher-applet
%%MOZILLA:%%bin/nautilus-mozilla-content-view
bin/nautilus-music-view
bin/nautilus-notes
bin/nautilus-sample-content-view
bin/nautilus-sidebar-loser
bin/nautilus-text-view
bin/nautilus-throbber
bin/nautilus-verify-rpm.sh
bin/run-nautilus
etc/CORBA/servers/nautilus-launcher-applet.gnorba
etc/vfs/modules/help-methods.conf
include/libnautilus/libnautilus.h
include/libnautilus/nautilus-bonobo-ui.h
include/libnautilus/nautilus-bonobo-workarounds.h
include/libnautilus/nautilus-clipboard.h
include/libnautilus/nautilus-distributed-undo.h
include/libnautilus/nautilus-undo-private.h
include/libnautilus/nautilus-undo.h
include/libnautilus/nautilus-view-component.h
include/libnautilus/nautilus-view-standard-main.h
include/libnautilus/nautilus-view.h
lib/libnautilus-adapter.so
lib/libnautilus-adapter.so.0
lib/libnautilus-extensions.so
lib/libnautilus-extensions.so.0
lib/libnautilus-tree-view.so
lib/libnautilus-tree-view.so.0
lib/libnautilus.so
lib/libnautilus.so.0
lib/vfs/modules/libvfs-help.so
share/gnome/apps/Applications/nautilus.desktop
share/gnome/help/gnufdl/C/gnufdl.sgml
share/gnome/help/nautilus/C/custicon.png
share/gnome/help/nautilus/C/full.png
share/gnome/help/nautilus/C/license.html
share/gnome/help/nautilus/C/locbar.png
share/gnome/help/nautilus/C/nautilus.sgml
share/gnome/help/nautilus/C/player.png
share/gnome/help/nautilus/C/prefmenu.png
share/gnome/help/nautilus/C/sidebar.png
share/gnome/help/nautilus/C/viewmenu.png
share/gnome/hyperbola/maps/pages.map
share/gnome/nautilus/browser.xml
share/gnome/nautilus/emblems/OK.png
share/gnome/nautilus/emblems/certified.png
share/gnome/nautilus/emblems/cool.png
share/gnome/nautilus/emblems/danger.png
share/gnome/nautilus/emblems/distinguished.png
share/gnome/nautilus/emblems/draft.png
share/gnome/nautilus/emblems/erase.png
share/gnome/nautilus/emblems/favorite.png
share/gnome/nautilus/emblems/important.png
share/gnome/nautilus/emblems/new.png
share/gnome/nautilus/emblems/ohno.png
share/gnome/nautilus/emblems/personal.png
share/gnome/nautilus/emblems/secret.png
share/gnome/nautilus/emblems/shared.png
share/gnome/nautilus/emblems/special.png
share/gnome/nautilus/emblems/urgent.png
share/gnome/nautilus/fonts/urw/fonts.dir
share/gnome/nautilus/fonts/urw/n019003l.afm
share/gnome/nautilus/fonts/urw/n019003l.pfb
share/gnome/nautilus/fonts/urw/n019003l.pfm
share/gnome/nautilus/fonts/urw/n019004l.afm
share/gnome/nautilus/fonts/urw/n019004l.pfb
share/gnome/nautilus/fonts/urw/n019004l.pfm
share/gnome/nautilus/fonts/urw/n019023l.afm
share/gnome/nautilus/fonts/urw/n019023l.pfb
share/gnome/nautilus/fonts/urw/n019023l.pfm
share/gnome/nautilus/fonts/urw/n019024l.afm
share/gnome/nautilus/fonts/urw/n019024l.pfb
share/gnome/nautilus/fonts/urw/n019024l.pfm
share/gnome/nautilus/linksets/apps.xml
share/gnome/nautilus/linksets/desktop.xml
share/gnome/nautilus/linksets/portals.xml
share/gnome/nautilus/linksets/search_engines.xml
share/gnome/nautilus/nautilus-extras.placeholder
share/gnome/nautilus/nautilus-suggested.placeholder
share/gnome/nautilus/patterns/.striated.png
share/gnome/nautilus/patterns/blue_gray_rough.png
share/gnome/nautilus/patterns/blue_ridge.png
share/gnome/nautilus/patterns/blue_type.png
share/gnome/nautilus/patterns/brushed_metal.png
share/gnome/nautilus/patterns/burlap.jpg
share/gnome/nautilus/patterns/camouflage.png
share/gnome/nautilus/patterns/chalk.jpg
share/gnome/nautilus/patterns/cork.png
share/gnome/nautilus/patterns/countertop.png
share/gnome/nautilus/patterns/dark-gnome.jpg
share/gnome/nautilus/patterns/dots.png
share/gnome/nautilus/patterns/fibers.png
share/gnome/nautilus/patterns/fleur_de_lis.png
share/gnome/nautilus/patterns/floral.png
share/gnome/nautilus/patterns/fossil.png
share/gnome/nautilus/patterns/gnome.jpg
share/gnome/nautilus/patterns/green_weave.png
share/gnome/nautilus/patterns/ice.png
share/gnome/nautilus/patterns/manila_paper.png
share/gnome/nautilus/patterns/moss_ridge.png
share/gnome/nautilus/patterns/numbers.png
share/gnome/nautilus/patterns/ocean_stripes.png
share/gnome/nautilus/patterns/purple_marble.png
share/gnome/nautilus/patterns/reset.png
share/gnome/nautilus/patterns/ridged_paper.png
share/gnome/nautilus/patterns/rough_paper.png
share/gnome/nautilus/patterns/sky_ridge.png
share/gnome/nautilus/patterns/snow_ridge.png
share/gnome/nautilus/patterns/stucco.jpg
share/gnome/nautilus/patterns/terracotta.png
share/gnome/nautilus/patterns/wavy_white.png
share/gnome/nautilus/services/text/english_to_french.xml
share/gnome/nautilus/services/text/french_to_english.xml
share/gnome/nautilus/services/text/google.xml
share/gnome/nautilus/services/text/webster.xml
share/gnome/nautilus/static_bookmarks.xml
share/gnome/nautilus/top/.nautilus-metafile.xml
share/gnome/nautilus/top/Computer
share/gnome/nautilus/top/Services
share/gnome/oaf/Nautilus_ComponentAdapterFactory_std.oaf
share/gnome/oaf/Nautilus_Control_throbber.oaf
share/gnome/oaf/Nautilus_View_content-loser.oaf
share/gnome/oaf/Nautilus_View_hardware.oaf
share/gnome/oaf/Nautilus_View_help.oaf
share/gnome/oaf/Nautilus_View_history.oaf
share/gnome/oaf/Nautilus_View_image.oaf
%%MOZILLA:%%share/gnome/oaf/Nautilus_View_mozilla.oaf
share/gnome/oaf/Nautilus_View_music.oaf
share/gnome/oaf/Nautilus_View_notes.oaf
share/gnome/oaf/Nautilus_View_sample.oaf
share/gnome/oaf/Nautilus_View_sidebar-loser.oaf
share/gnome/oaf/Nautilus_View_text.oaf
share/gnome/oaf/Nautilus_View_tree.oaf
share/gnome/oaf/Nautilus_shell.oaf
share/gnome/pixmaps/nautilus-launch-icon.png
share/gnome/pixmaps/nautilus/About_Image.png
share/gnome/pixmaps/nautilus/Back.png
share/gnome/pixmaps/nautilus/CD_drive.png
share/gnome/pixmaps/nautilus/Forward.png
share/gnome/pixmaps/nautilus/Home.png
share/gnome/pixmaps/nautilus/Refresh.png
share/gnome/pixmaps/nautilus/Search.png
share/gnome/pixmaps/nautilus/SearchWeb.png
share/gnome/pixmaps/nautilus/Services.png
share/gnome/pixmaps/nautilus/Stop.png
share/gnome/pixmaps/nautilus/Up.png
share/gnome/pixmaps/nautilus/about_background.png
share/gnome/pixmaps/nautilus/ardmore/ardmore.xml
share/gnome/pixmaps/nautilus/ardmore/blueridge.png
share/gnome/pixmaps/nautilus/ardmore/bluewall.png
share/gnome/pixmaps/nautilus/ardmore/i-directory-12.png
share/gnome/pixmaps/nautilus/ardmore/i-directory-24.png
share/gnome/pixmaps/nautilus/ardmore/i-directory-36.png
share/gnome/pixmaps/nautilus/ardmore/i-directory-72.png
share/gnome/pixmaps/nautilus/ardmore/i-directory-96.png
share/gnome/pixmaps/nautilus/ardmore/i-directory-accept-12.png
share/gnome/pixmaps/nautilus/ardmore/i-directory-accept-24.png
share/gnome/pixmaps/nautilus/ardmore/i-directory-accept-36.png
share/gnome/pixmaps/nautilus/ardmore/i-directory-accept-72.png
share/gnome/pixmaps/nautilus/ardmore/i-directory-accept-96.png
share/gnome/pixmaps/nautilus/ardmore/i-directory-accept.png
share/gnome/pixmaps/nautilus/ardmore/i-directory.png
share/gnome/pixmaps/nautilus/ardmore/number_strip.png
share/gnome/pixmaps/nautilus/ardmore/theme_preview.png
share/gnome/pixmaps/nautilus/arlo/Back.png
share/gnome/pixmaps/nautilus/arlo/Forward.png
share/gnome/pixmaps/nautilus/arlo/Home.png
share/gnome/pixmaps/nautilus/arlo/Refresh.png
share/gnome/pixmaps/nautilus/arlo/Search.png
share/gnome/pixmaps/nautilus/arlo/SearchWeb.png
share/gnome/pixmaps/nautilus/arlo/Stop.png
share/gnome/pixmaps/nautilus/arlo/Up.png
share/gnome/pixmaps/nautilus/arlo/arlo.xml
share/gnome/pixmaps/nautilus/arlo/backgrounds/background_pattern.png
share/gnome/pixmaps/nautilus/arlo/backgrounds/window_pattern.png
share/gnome/pixmaps/nautilus/arlo/decrement-i.png
share/gnome/pixmaps/nautilus/arlo/decrement.png
share/gnome/pixmaps/nautilus/arlo/emblem-nowrite-72.png
share/gnome/pixmaps/nautilus/arlo/emblem-nowrite-96.png
share/gnome/pixmaps/nautilus/arlo/emblem-nowrite.png
share/gnome/pixmaps/nautilus/arlo/i-directory-192-aa.png
share/gnome/pixmaps/nautilus/arlo/i-directory-72-aa.png
share/gnome/pixmaps/nautilus/arlo/i-directory-72.png
share/gnome/pixmaps/nautilus/arlo/i-directory-96-aa.png
share/gnome/pixmaps/nautilus/arlo/i-directory-aa.png
share/gnome/pixmaps/nautilus/arlo/i-directory.png
share/gnome/pixmaps/nautilus/arlo/i-directory.xml
share/gnome/pixmaps/nautilus/arlo/i-regular-192-aa.png
share/gnome/pixmaps/nautilus/arlo/i-regular-192.png
share/gnome/pixmaps/nautilus/arlo/i-regular-72-aa.png
share/gnome/pixmaps/nautilus/arlo/i-regular-72.png
share/gnome/pixmaps/nautilus/arlo/i-regular-96-aa.png
share/gnome/pixmaps/nautilus/arlo/i-regular-96.png
share/gnome/pixmaps/nautilus/arlo/i-regular-aa.png
share/gnome/pixmaps/nautilus/arlo/i-regular.png
share/gnome/pixmaps/nautilus/arlo/i-regular.xml
share/gnome/pixmaps/nautilus/arlo/increment-i.png
share/gnome/pixmaps/nautilus/arlo/increment.png
share/gnome/pixmaps/nautilus/arlo/number_strip.png
share/gnome/pixmaps/nautilus/arlo/sidebar_tab_pieces/fill-active-prelight.png
share/gnome/pixmaps/nautilus/arlo/sidebar_tab_pieces/fill-active.png
share/gnome/pixmaps/nautilus/arlo/sidebar_tab_pieces/fill-empty-space.png
share/gnome/pixmaps/nautilus/arlo/sidebar_tab_pieces/fill-prelight.png
share/gnome/pixmaps/nautilus/arlo/sidebar_tab_pieces/fill.png
share/gnome/pixmaps/nautilus/arlo/sidebar_tab_pieces/left-bumper-active-prelight.png
share/gnome/pixmaps/nautilus/arlo/sidebar_tab_pieces/left-bumper-active.png
share/gnome/pixmaps/nautilus/arlo/sidebar_tab_pieces/left-bumper-prelight.png
share/gnome/pixmaps/nautilus/arlo/sidebar_tab_pieces/left-bumper.png
share/gnome/pixmaps/nautilus/arlo/sidebar_tab_pieces/middle-normal-normal.png
share/gnome/pixmaps/nautilus/arlo/sidebar_tab_pieces/middle-normal-prelight.png
share/gnome/pixmaps/nautilus/arlo/sidebar_tab_pieces/middle-prelight-normal.png
share/gnome/pixmaps/nautilus/arlo/sidebar_tab_pieces/right-bumper-prelight.png
share/gnome/pixmaps/nautilus/arlo/sidebar_tab_pieces/right-bumper.png
share/gnome/pixmaps/nautilus/arlo/sidebar_tab_pieces/right-empty-space.png
share/gnome/pixmaps/nautilus/arlo/sidebar_tab_pieces/right-top-active-prelight.png
share/gnome/pixmaps/nautilus/arlo/sidebar_tab_pieces/right-top-active.png
share/gnome/pixmaps/nautilus/arlo/sidebar_tab_pieces/right-top-prelight.png
share/gnome/pixmaps/nautilus/arlo/sidebar_tab_pieces/right-top.png
share/gnome/pixmaps/nautilus/arlo/theme_preview.png
share/gnome/pixmaps/nautilus/arlo/throbber/001.png
share/gnome/pixmaps/nautilus/arlo/throbber/002.png
share/gnome/pixmaps/nautilus/arlo/throbber/003.png
share/gnome/pixmaps/nautilus/arlo/throbber/004.png
share/gnome/pixmaps/nautilus/arlo/throbber/005.png
share/gnome/pixmaps/nautilus/arlo/throbber/006.png
share/gnome/pixmaps/nautilus/arlo/throbber/007.png
share/gnome/pixmaps/nautilus/arlo/throbber/008.png
share/gnome/pixmaps/nautilus/arlo/throbber/009.png
share/gnome/pixmaps/nautilus/arlo/throbber/010.png
share/gnome/pixmaps/nautilus/arlo/throbber/011.png
share/gnome/pixmaps/nautilus/arlo/throbber/012.png
share/gnome/pixmaps/nautilus/arlo/throbber/013.png
share/gnome/pixmaps/nautilus/arlo/throbber/014.png
share/gnome/pixmaps/nautilus/arlo/throbber/015.png
share/gnome/pixmaps/nautilus/arlo/throbber/016.png
share/gnome/pixmaps/nautilus/arlo/throbber/017.png
share/gnome/pixmaps/nautilus/arlo/throbber/018.png
share/gnome/pixmaps/nautilus/arlo/throbber/019.png
share/gnome/pixmaps/nautilus/arlo/throbber/020.png
share/gnome/pixmaps/nautilus/arlo/throbber/021.png
share/gnome/pixmaps/nautilus/arlo/throbber/022.png
share/gnome/pixmaps/nautilus/arlo/throbber/023.png
share/gnome/pixmaps/nautilus/arlo/throbber/024.png
share/gnome/pixmaps/nautilus/arlo/throbber/025.png
share/gnome/pixmaps/nautilus/arlo/throbber/026.png
share/gnome/pixmaps/nautilus/arlo/throbber/027.png
share/gnome/pixmaps/nautilus/arlo/throbber/028.png
share/gnome/pixmaps/nautilus/arlo/throbber/rest.png
share/gnome/pixmaps/nautilus/arlo/zoom_body.png
share/gnome/pixmaps/nautilus/audio.png
share/gnome/pixmaps/nautilus/backgrounds.png
share/gnome/pixmaps/nautilus/chit_frame.png
share/gnome/pixmaps/nautilus/colors.png
share/gnome/pixmaps/nautilus/computer.png
share/gnome/pixmaps/nautilus/computer.svg
share/gnome/pixmaps/nautilus/cpu.png
share/gnome/pixmaps/nautilus/crux_eggplant/Back.png
share/gnome/pixmaps/nautilus/crux_eggplant/Forward.png
share/gnome/pixmaps/nautilus/crux_eggplant/Home.png
share/gnome/pixmaps/nautilus/crux_eggplant/Refresh.png
share/gnome/pixmaps/nautilus/crux_eggplant/Search.png
share/gnome/pixmaps/nautilus/crux_eggplant/SearchWeb.png
share/gnome/pixmaps/nautilus/crux_eggplant/Stop.png
share/gnome/pixmaps/nautilus/crux_eggplant/Up.png
share/gnome/pixmaps/nautilus/crux_eggplant/backgrounds/background_pattern.png
share/gnome/pixmaps/nautilus/crux_eggplant/backgrounds/window_pattern.png
share/gnome/pixmaps/nautilus/crux_eggplant/crux_eggplant.xml
share/gnome/pixmaps/nautilus/crux_eggplant/decrement-i.png
share/gnome/pixmaps/nautilus/crux_eggplant/decrement.png
share/gnome/pixmaps/nautilus/crux_eggplant/emblem-nowrite-72.png
share/gnome/pixmaps/nautilus/crux_eggplant/emblem-nowrite-96.png
share/gnome/pixmaps/nautilus/crux_eggplant/emblem-nowrite.png
share/gnome/pixmaps/nautilus/crux_eggplant/i-directory-192-aa.png
share/gnome/pixmaps/nautilus/crux_eggplant/i-directory-72-aa.png
share/gnome/pixmaps/nautilus/crux_eggplant/i-directory-72.png
share/gnome/pixmaps/nautilus/crux_eggplant/i-directory-96-aa.png
share/gnome/pixmaps/nautilus/crux_eggplant/i-directory-aa.png
share/gnome/pixmaps/nautilus/crux_eggplant/i-directory.png
share/gnome/pixmaps/nautilus/crux_eggplant/i-directory.xml
share/gnome/pixmaps/nautilus/crux_eggplant/i-regular-192-aa.png
share/gnome/pixmaps/nautilus/crux_eggplant/i-regular-192.png
share/gnome/pixmaps/nautilus/crux_eggplant/i-regular-72-aa.png
share/gnome/pixmaps/nautilus/crux_eggplant/i-regular-72.png
share/gnome/pixmaps/nautilus/crux_eggplant/i-regular-96-aa.png
share/gnome/pixmaps/nautilus/crux_eggplant/i-regular-96.png
share/gnome/pixmaps/nautilus/crux_eggplant/i-regular-aa.png
share/gnome/pixmaps/nautilus/crux_eggplant/i-regular.png
share/gnome/pixmaps/nautilus/crux_eggplant/i-regular.xml
share/gnome/pixmaps/nautilus/crux_eggplant/increment-i.png
share/gnome/pixmaps/nautilus/crux_eggplant/increment.png
share/gnome/pixmaps/nautilus/crux_eggplant/number_strip.png
share/gnome/pixmaps/nautilus/crux_eggplant/sidebar_tab_pieces/fill-active-prelight.png
share/gnome/pixmaps/nautilus/crux_eggplant/sidebar_tab_pieces/fill-active.png
share/gnome/pixmaps/nautilus/crux_eggplant/sidebar_tab_pieces/fill-empty-space.png
share/gnome/pixmaps/nautilus/crux_eggplant/sidebar_tab_pieces/fill-prelight.png
share/gnome/pixmaps/nautilus/crux_eggplant/sidebar_tab_pieces/fill.png
share/gnome/pixmaps/nautilus/crux_eggplant/sidebar_tab_pieces/left-bumper-active-prelight.png
share/gnome/pixmaps/nautilus/crux_eggplant/sidebar_tab_pieces/left-bumper-active.png
share/gnome/pixmaps/nautilus/crux_eggplant/sidebar_tab_pieces/left-bumper-prelight.png
share/gnome/pixmaps/nautilus/crux_eggplant/sidebar_tab_pieces/left-bumper.png
share/gnome/pixmaps/nautilus/crux_eggplant/sidebar_tab_pieces/middle-normal-normal.png
share/gnome/pixmaps/nautilus/crux_eggplant/sidebar_tab_pieces/middle-normal-prelight.png
share/gnome/pixmaps/nautilus/crux_eggplant/sidebar_tab_pieces/middle-prelight-normal.png
share/gnome/pixmaps/nautilus/crux_eggplant/sidebar_tab_pieces/right-bumper-prelight.png
share/gnome/pixmaps/nautilus/crux_eggplant/sidebar_tab_pieces/right-bumper.png
share/gnome/pixmaps/nautilus/crux_eggplant/sidebar_tab_pieces/right-empty-space.png
share/gnome/pixmaps/nautilus/crux_eggplant/sidebar_tab_pieces/right-top-active-prelight.png
share/gnome/pixmaps/nautilus/crux_eggplant/sidebar_tab_pieces/right-top-active.png
share/gnome/pixmaps/nautilus/crux_eggplant/sidebar_tab_pieces/right-top-prelight.png
share/gnome/pixmaps/nautilus/crux_eggplant/sidebar_tab_pieces/right-top.png
share/gnome/pixmaps/nautilus/crux_eggplant/theme_preview.png
share/gnome/pixmaps/nautilus/crux_eggplant/throbber/001.png
share/gnome/pixmaps/nautilus/crux_eggplant/throbber/002.png
share/gnome/pixmaps/nautilus/crux_eggplant/throbber/003.png
share/gnome/pixmaps/nautilus/crux_eggplant/throbber/004.png
share/gnome/pixmaps/nautilus/crux_eggplant/throbber/005.png
share/gnome/pixmaps/nautilus/crux_eggplant/throbber/006.png
share/gnome/pixmaps/nautilus/crux_eggplant/throbber/007.png
share/gnome/pixmaps/nautilus/crux_eggplant/throbber/008.png
share/gnome/pixmaps/nautilus/crux_eggplant/throbber/009.png
share/gnome/pixmaps/nautilus/crux_eggplant/throbber/010.png
share/gnome/pixmaps/nautilus/crux_eggplant/throbber/011.png
share/gnome/pixmaps/nautilus/crux_eggplant/throbber/012.png
share/gnome/pixmaps/nautilus/crux_eggplant/throbber/013.png
share/gnome/pixmaps/nautilus/crux_eggplant/throbber/014.png
share/gnome/pixmaps/nautilus/crux_eggplant/throbber/015.png
share/gnome/pixmaps/nautilus/crux_eggplant/throbber/016.png
share/gnome/pixmaps/nautilus/crux_eggplant/throbber/017.png
share/gnome/pixmaps/nautilus/crux_eggplant/throbber/018.png
share/gnome/pixmaps/nautilus/crux_eggplant/throbber/019.png
share/gnome/pixmaps/nautilus/crux_eggplant/throbber/020.png
share/gnome/pixmaps/nautilus/crux_eggplant/throbber/021.png
share/gnome/pixmaps/nautilus/crux_eggplant/throbber/022.png
share/gnome/pixmaps/nautilus/crux_eggplant/throbber/023.png
share/gnome/pixmaps/nautilus/crux_eggplant/throbber/024.png
share/gnome/pixmaps/nautilus/crux_eggplant/throbber/025.png
share/gnome/pixmaps/nautilus/crux_eggplant/throbber/026.png
share/gnome/pixmaps/nautilus/crux_eggplant/throbber/027.png
share/gnome/pixmaps/nautilus/crux_eggplant/throbber/028.png
share/gnome/pixmaps/nautilus/crux_eggplant/throbber/rest.png
share/gnome/pixmaps/nautilus/crux_eggplant/zoom_body.png
share/gnome/pixmaps/nautilus/decrement.png
share/gnome/pixmaps/nautilus/default.xml
share/gnome/pixmaps/nautilus/druid_header.png
share/gnome/pixmaps/nautilus/druid_header_stretch.png
share/gnome/pixmaps/nautilus/druid_sidebar.png
share/gnome/pixmaps/nautilus/eazel-logo.gif
share/gnome/pixmaps/nautilus/emblem-OK.svg
share/gnome/pixmaps/nautilus/emblem-broken-link.png
share/gnome/pixmaps/nautilus/emblem-certified.svg
share/gnome/pixmaps/nautilus/emblem-cool.svg
share/gnome/pixmaps/nautilus/emblem-danger.svg
share/gnome/pixmaps/nautilus/emblem-distinguished.svg
share/gnome/pixmaps/nautilus/emblem-draft.svg
share/gnome/pixmaps/nautilus/emblem-favorite.svg
share/gnome/pixmaps/nautilus/emblem-generic.png
share/gnome/pixmaps/nautilus/emblem-important.svg
share/gnome/pixmaps/nautilus/emblem-new.svg
share/gnome/pixmaps/nautilus/emblem-noread.svg
share/gnome/pixmaps/nautilus/emblem-nowrite.svg
share/gnome/pixmaps/nautilus/emblem-ohno.svg
share/gnome/pixmaps/nautilus/emblem-personal.svg
share/gnome/pixmaps/nautilus/emblem-secret.svg
share/gnome/pixmaps/nautilus/emblem-shared.svg
share/gnome/pixmaps/nautilus/emblem-special.svg
share/gnome/pixmaps/nautilus/emblem-symbolic-link.png
share/gnome/pixmaps/nautilus/emblem-trash.png
share/gnome/pixmaps/nautilus/emblem-urgent.svg
share/gnome/pixmaps/nautilus/emblems.png
share/gnome/pixmaps/nautilus/expert-selected.png
share/gnome/pixmaps/nautilus/expert.png
share/gnome/pixmaps/nautilus/gnome-application-encapsulated_postscript.png
share/gnome/pixmaps/nautilus/gnome-application-pdf.png
share/gnome/pixmaps/nautilus/gnome-application-pgp.png
share/gnome/pixmaps/nautilus/gnome-application-postscript.png
share/gnome/pixmaps/nautilus/gnome-application-x-c-header.png
share/gnome/pixmaps/nautilus/gnome-application-x-c-source.png
share/gnome/pixmaps/nautilus/gnome-application-x-cc-source.png
share/gnome/pixmaps/nautilus/gnome-application-x-e-theme.png
share/gnome/pixmaps/nautilus/gnome-application-x-generic-spreadsheet.png
share/gnome/pixmaps/nautilus/gnome-application-x-gnome-app-info.png
share/gnome/pixmaps/nautilus/gnome-application-x-java-source.png
share/gnome/pixmaps/nautilus/gnome-application-x-kde-app-info.png
share/gnome/pixmaps/nautilus/gnome-application-x-php.png
share/gnome/pixmaps/nautilus/gnome-application-x-reject.png
share/gnome/pixmaps/nautilus/gnome-application-x-scheme-source.png
share/gnome/pixmaps/nautilus/gnome-application-x-sql.png
share/gnome/pixmaps/nautilus/gnome-audio-basic.png
share/gnome/pixmaps/nautilus/gnome-audio-midi.png
share/gnome/pixmaps/nautilus/gnome-audio-ulaw.png
share/gnome/pixmaps/nautilus/gnome-audio-x-aiff.png
share/gnome/pixmaps/nautilus/gnome-audio-x-mod.png
share/gnome/pixmaps/nautilus/gnome-audio-x-pn-realaudio.png
share/gnome/pixmaps/nautilus/gnome-audio-x-s3m.png
share/gnome/pixmaps/nautilus/gnome-audio-x-stm.png
share/gnome/pixmaps/nautilus/gnome-audio-x-voc.png
share/gnome/pixmaps/nautilus/gnome-audio-x-wav.png
share/gnome/pixmaps/nautilus/gnome-audio-x-xi.png
share/gnome/pixmaps/nautilus/gnome-audio-x-xm.png
share/gnome/pixmaps/nautilus/gnome-audio.png
share/gnome/pixmaps/nautilus/gnome-compressed.png
share/gnome/pixmaps/nautilus/gnome-font-afm.png
share/gnome/pixmaps/nautilus/gnome-font-ttf.png
share/gnome/pixmaps/nautilus/gnome-font-x-pcf.png
share/gnome/pixmaps/nautilus/gnome-gimp.png
share/gnome/pixmaps/nautilus/gnome-gnumeric.png
share/gnome/pixmaps/nautilus/gnome-http-url.png
share/gnome/pixmaps/nautilus/gnome-image-bmp.png
share/gnome/pixmaps/nautilus/gnome-image-generic.png
share/gnome/pixmaps/nautilus/gnome-image-gif.png
share/gnome/pixmaps/nautilus/gnome-image-ief.png
share/gnome/pixmaps/nautilus/gnome-image-jpeg.png
share/gnome/pixmaps/nautilus/gnome-image-pbm.png
share/gnome/pixmaps/nautilus/gnome-image-pgm.png
share/gnome/pixmaps/nautilus/gnome-image-png.png
share/gnome/pixmaps/nautilus/gnome-image-pnm.png
share/gnome/pixmaps/nautilus/gnome-image-ppm.png
share/gnome/pixmaps/nautilus/gnome-image-psd.png
share/gnome/pixmaps/nautilus/gnome-image-ras.png
share/gnome/pixmaps/nautilus/gnome-image-rgb.png
share/gnome/pixmaps/nautilus/gnome-image-tga.png
share/gnome/pixmaps/nautilus/gnome-image-tiff.png
share/gnome/pixmaps/nautilus/gnome-image-x-xfig.png
share/gnome/pixmaps/nautilus/gnome-image-xbm.png
share/gnome/pixmaps/nautilus/gnome-image-xcf.png
share/gnome/pixmaps/nautilus/gnome-image-xpm.png
share/gnome/pixmaps/nautilus/gnome-image-xwd.png
share/gnome/pixmaps/nautilus/gnome-library.png
share/gnome/pixmaps/nautilus/gnome-manpage.png
share/gnome/pixmaps/nautilus/gnome-objectfile.png
share/gnome/pixmaps/nautilus/gnome-pack-deb.png
share/gnome/pixmaps/nautilus/gnome-pack-rpm.png
share/gnome/pixmaps/nautilus/gnome-package.png
share/gnome/pixmaps/nautilus/gnome-tex.png
share/gnome/pixmaps/nautilus/gnome-text-html.png
share/gnome/pixmaps/nautilus/gnome-text-x-authors.png
share/gnome/pixmaps/nautilus/gnome-text-x-copying.png
share/gnome/pixmaps/nautilus/gnome-text-x-credits.png
share/gnome/pixmaps/nautilus/gnome-text-x-install.png
share/gnome/pixmaps/nautilus/gnome-text-x-makefile.png
share/gnome/pixmaps/nautilus/gnome-text-x-readme.png
share/gnome/pixmaps/nautilus/gnome-textfile.png
share/gnome/pixmaps/nautilus/gnome-video-mpeg.png
share/gnome/pixmaps/nautilus/gnome-video-quicktime.png
share/gnome/pixmaps/nautilus/gnome-video-x-msvideo.png
share/gnome/pixmaps/nautilus/gnome/gnome.xml
share/gnome/pixmaps/nautilus/gnome/i-directory-12.png
share/gnome/pixmaps/nautilus/gnome/i-directory-192.png
share/gnome/pixmaps/nautilus/gnome/i-directory-24.png
share/gnome/pixmaps/nautilus/gnome/i-directory-36.png
share/gnome/pixmaps/nautilus/gnome/i-directory-72.png
share/gnome/pixmaps/nautilus/gnome/i-directory-96.png
share/gnome/pixmaps/nautilus/gnome/i-directory.png
share/gnome/pixmaps/nautilus/gnome/i-executable.png
share/gnome/pixmaps/nautilus/gnome/i-music.png
share/gnome/pixmaps/nautilus/gnome/i-regular-12.png
share/gnome/pixmaps/nautilus/gnome/i-regular-192.png
share/gnome/pixmaps/nautilus/gnome/i-regular-24.png
share/gnome/pixmaps/nautilus/gnome/i-regular-36.png
share/gnome/pixmaps/nautilus/gnome/i-regular-72.png
share/gnome/pixmaps/nautilus/gnome/i-regular-96.png
share/gnome/pixmaps/nautilus/gnome/i-regular.png
share/gnome/pixmaps/nautilus/gnome/theme_preview.png
share/gnome/pixmaps/nautilus/gnome/throbber/001.png
share/gnome/pixmaps/nautilus/gnome/throbber/002.png
share/gnome/pixmaps/nautilus/gnome/throbber/003.png
share/gnome/pixmaps/nautilus/gnome/throbber/004.png
share/gnome/pixmaps/nautilus/gnome/throbber/005.png
share/gnome/pixmaps/nautilus/gnome/throbber/006.png
share/gnome/pixmaps/nautilus/gnome/throbber/007.png
share/gnome/pixmaps/nautilus/gnome/throbber/008.png
share/gnome/pixmaps/nautilus/gnome/throbber/009.png
share/gnome/pixmaps/nautilus/gnome/throbber/010.png
share/gnome/pixmaps/nautilus/gnome/throbber/rest.png
share/gnome/pixmaps/nautilus/hand.svg
share/gnome/pixmaps/nautilus/home.png
share/gnome/pixmaps/nautilus/i-blockdev.png
share/gnome/pixmaps/nautilus/i-bookmark-20.png
share/gnome/pixmaps/nautilus/i-bookmark-missing-20.png
share/gnome/pixmaps/nautilus/i-bookmark-missing.png
share/gnome/pixmaps/nautilus/i-bookmark.png
share/gnome/pixmaps/nautilus/i-broken-image.png
share/gnome/pixmaps/nautilus/i-cdrom.png
share/gnome/pixmaps/nautilus/i-chardev.png
share/gnome/pixmaps/nautilus/i-core.png
share/gnome/pixmaps/nautilus/i-device.png
share/gnome/pixmaps/nautilus/i-dirclosed.png
share/gnome/pixmaps/nautilus/i-directory-12-aa.png
share/gnome/pixmaps/nautilus/i-directory-12.png
share/gnome/pixmaps/nautilus/i-directory-24-aa.png
share/gnome/pixmaps/nautilus/i-directory-24.png
share/gnome/pixmaps/nautilus/i-directory-36-aa.png
share/gnome/pixmaps/nautilus/i-directory-36.png
share/gnome/pixmaps/nautilus/i-directory-72-aa.png
share/gnome/pixmaps/nautilus/i-directory-72.png
share/gnome/pixmaps/nautilus/i-directory-96-aa.png
share/gnome/pixmaps/nautilus/i-directory-96.png
share/gnome/pixmaps/nautilus/i-directory-aa.png
share/gnome/pixmaps/nautilus/i-directory-accept-12-aa.png
share/gnome/pixmaps/nautilus/i-directory-accept-12.png
share/gnome/pixmaps/nautilus/i-directory-accept-24-aa.png
share/gnome/pixmaps/nautilus/i-directory-accept-24.png
share/gnome/pixmaps/nautilus/i-directory-accept-36-aa.png
share/gnome/pixmaps/nautilus/i-directory-accept-36.png
share/gnome/pixmaps/nautilus/i-directory-accept-72-aa.png
share/gnome/pixmaps/nautilus/i-directory-accept-72.png
share/gnome/pixmaps/nautilus/i-directory-accept-96-aa.png
share/gnome/pixmaps/nautilus/i-directory-accept-96.png
share/gnome/pixmaps/nautilus/i-directory-accept-aa.png
share/gnome/pixmaps/nautilus/i-directory-accept.png
share/gnome/pixmaps/nautilus/i-directory-accept.xml
share/gnome/pixmaps/nautilus/i-directory.png
share/gnome/pixmaps/nautilus/i-directory.xml
share/gnome/pixmaps/nautilus/i-executable-aa.png
share/gnome/pixmaps/nautilus/i-executable.png
share/gnome/pixmaps/nautilus/i-fifo.png
share/gnome/pixmaps/nautilus/i-floppy.png
share/gnome/pixmaps/nautilus/i-harddisk.png
share/gnome/pixmaps/nautilus/i-music-12-aa.png
share/gnome/pixmaps/nautilus/i-music-12.png
share/gnome/pixmaps/nautilus/i-music-24-aa.png
share/gnome/pixmaps/nautilus/i-music-24.png
share/gnome/pixmaps/nautilus/i-music-36-aa.png
share/gnome/pixmaps/nautilus/i-music-36.png
share/gnome/pixmaps/nautilus/i-music-aa.png
share/gnome/pixmaps/nautilus/i-music.png
share/gnome/pixmaps/nautilus/i-nfs.png
share/gnome/pixmaps/nautilus/i-printer.png
share/gnome/pixmaps/nautilus/i-regular-12-aa.png
share/gnome/pixmaps/nautilus/i-regular-12.png
share/gnome/pixmaps/nautilus/i-regular-24-aa.png
share/gnome/pixmaps/nautilus/i-regular-24.png
share/gnome/pixmaps/nautilus/i-regular-36-aa.png
share/gnome/pixmaps/nautilus/i-regular-36.png
share/gnome/pixmaps/nautilus/i-regular-72-aa.png
share/gnome/pixmaps/nautilus/i-regular-72.png
share/gnome/pixmaps/nautilus/i-regular-96-aa.png
share/gnome/pixmaps/nautilus/i-regular-96.png
share/gnome/pixmaps/nautilus/i-regular-aa.png
share/gnome/pixmaps/nautilus/i-regular.png
share/gnome/pixmaps/nautilus/i-regular.xml
share/gnome/pixmaps/nautilus/i-search-72.png
share/gnome/pixmaps/nautilus/i-sock.png
share/gnome/pixmaps/nautilus/i-spreadsheet-aa.png
share/gnome/pixmaps/nautilus/i-spreadsheet.png
share/gnome/pixmaps/nautilus/i-stalled.png
share/gnome/pixmaps/nautilus/i-symlink-aa.png
share/gnome/pixmaps/nautilus/i-symlink.png
share/gnome/pixmaps/nautilus/i-web-72.png
share/gnome/pixmaps/nautilus/i-zipdisk.png
share/gnome/pixmaps/nautilus/i-zipdisk2.png
share/gnome/pixmaps/nautilus/increment.png
share/gnome/pixmaps/nautilus/intermediate-selected.png
share/gnome/pixmaps/nautilus/intermediate.png
share/gnome/pixmaps/nautilus/knob.png
share/gnome/pixmaps/nautilus/leftarrow.png
share/gnome/pixmaps/nautilus/loading-aa.png
share/gnome/pixmaps/nautilus/loading.png
share/gnome/pixmaps/nautilus/manual.png
share/gnome/pixmaps/nautilus/memory_chip.gif
share/gnome/pixmaps/nautilus/multi-ok.png
share/gnome/pixmaps/nautilus/nautilus-logo.png
share/gnome/pixmaps/nautilus/nautilus-mini-logo.png
share/gnome/pixmaps/nautilus/netscape.png
share/gnome/pixmaps/nautilus/not.png
share/gnome/pixmaps/nautilus/novice-selected.png
share/gnome/pixmaps/nautilus/novice.png
share/gnome/pixmaps/nautilus/number_strip.png
share/gnome/pixmaps/nautilus/rightarrow.png
share/gnome/pixmaps/nautilus/search.png
share/gnome/pixmaps/nautilus/services-rpm-72.png
share/gnome/pixmaps/nautilus/side_bar_image.png
share/gnome/pixmaps/nautilus/sidebar_tab_pieces/fill-active-prelight.png
share/gnome/pixmaps/nautilus/sidebar_tab_pieces/fill-active.png
share/gnome/pixmaps/nautilus/sidebar_tab_pieces/fill-empty-space.png
share/gnome/pixmaps/nautilus/sidebar_tab_pieces/fill-prelight.png
share/gnome/pixmaps/nautilus/sidebar_tab_pieces/fill.png
share/gnome/pixmaps/nautilus/sidebar_tab_pieces/left-bumper-active-prelight.png
share/gnome/pixmaps/nautilus/sidebar_tab_pieces/left-bumper-active.png
share/gnome/pixmaps/nautilus/sidebar_tab_pieces/left-bumper-prelight.png
share/gnome/pixmaps/nautilus/sidebar_tab_pieces/left-bumper.png
share/gnome/pixmaps/nautilus/sidebar_tab_pieces/middle-normal-normal.png
share/gnome/pixmaps/nautilus/sidebar_tab_pieces/middle-normal-prelight.png
share/gnome/pixmaps/nautilus/sidebar_tab_pieces/middle-prelight-normal.png
share/gnome/pixmaps/nautilus/sidebar_tab_pieces/right-bumper-prelight.png
share/gnome/pixmaps/nautilus/sidebar_tab_pieces/right-bumper.png
share/gnome/pixmaps/nautilus/sidebar_tab_pieces/right-empty-space.png
share/gnome/pixmaps/nautilus/sidebar_tab_pieces/right-top-active-prelight.png
share/gnome/pixmaps/nautilus/sidebar_tab_pieces/right-top-active.png
share/gnome/pixmaps/nautilus/sidebar_tab_pieces/right-top-prelight.png
share/gnome/pixmaps/nautilus/sidebar_tab_pieces/right-top.png
share/gnome/pixmaps/nautilus/temp-home.png
share/gnome/pixmaps/nautilus/text-selection-frame.png
share/gnome/pixmaps/nautilus/theme_preview.png
share/gnome/pixmaps/nautilus/throbber/001.png
share/gnome/pixmaps/nautilus/throbber/002.png
share/gnome/pixmaps/nautilus/throbber/003.png
share/gnome/pixmaps/nautilus/throbber/004.png
share/gnome/pixmaps/nautilus/throbber/005.png
share/gnome/pixmaps/nautilus/throbber/006.png
share/gnome/pixmaps/nautilus/throbber/007.png
share/gnome/pixmaps/nautilus/throbber/008.png
share/gnome/pixmaps/nautilus/throbber/009.png
share/gnome/pixmaps/nautilus/throbber/010.png
share/gnome/pixmaps/nautilus/throbber/011.png
share/gnome/pixmaps/nautilus/throbber/012.png
share/gnome/pixmaps/nautilus/throbber/013.png
share/gnome/pixmaps/nautilus/throbber/014.png
share/gnome/pixmaps/nautilus/throbber/015.png
share/gnome/pixmaps/nautilus/throbber/rest.png
share/gnome/pixmaps/nautilus/thumbnail_frame.aa.png
share/gnome/pixmaps/nautilus/thumbnail_frame.png
share/gnome/pixmaps/nautilus/trash-empty.png
share/gnome/pixmaps/nautilus/trash-full.png
share/gnome/pixmaps/nautilus/uparrow.png
share/gnome/pixmaps/nautilus/villanova/Sierra_desktop.png
share/gnome/pixmaps/nautilus/villanova/green_weave.png
share/gnome/pixmaps/nautilus/villanova/i-directory-12-aa.png
share/gnome/pixmaps/nautilus/villanova/i-directory-12.png
share/gnome/pixmaps/nautilus/villanova/i-directory-24-aa.png
share/gnome/pixmaps/nautilus/villanova/i-directory-24.png
share/gnome/pixmaps/nautilus/villanova/i-directory-36-aa.png
share/gnome/pixmaps/nautilus/villanova/i-directory-36.png
share/gnome/pixmaps/nautilus/villanova/i-directory-72-aa.png
share/gnome/pixmaps/nautilus/villanova/i-directory-72.png
share/gnome/pixmaps/nautilus/villanova/i-directory-96-aa.png
share/gnome/pixmaps/nautilus/villanova/i-directory-96.png
share/gnome/pixmaps/nautilus/villanova/i-directory-aa.png
share/gnome/pixmaps/nautilus/villanova/i-directory-accept-12-aa.png
share/gnome/pixmaps/nautilus/villanova/i-directory-accept-12.png
share/gnome/pixmaps/nautilus/villanova/i-directory-accept-24-aa.png
share/gnome/pixmaps/nautilus/villanova/i-directory-accept-24.png
share/gnome/pixmaps/nautilus/villanova/i-directory-accept-36-aa.png
share/gnome/pixmaps/nautilus/villanova/i-directory-accept-36.png
share/gnome/pixmaps/nautilus/villanova/i-directory-accept-72-aa.png
share/gnome/pixmaps/nautilus/villanova/i-directory-accept-72.png
share/gnome/pixmaps/nautilus/villanova/i-directory-accept-96-aa.png
share/gnome/pixmaps/nautilus/villanova/i-directory-accept-96.png
share/gnome/pixmaps/nautilus/villanova/i-directory-accept-aa.png
share/gnome/pixmaps/nautilus/villanova/i-directory-accept.png
share/gnome/pixmaps/nautilus/villanova/i-directory.png
share/gnome/pixmaps/nautilus/villanova/number_strip.png
share/gnome/pixmaps/nautilus/villanova/theme_preview.png
share/gnome/pixmaps/nautilus/villanova/villanova.xml
share/gnome/pixmaps/nautilus/villanova/villanova_green.png
share/gnome/pixmaps/nautilus/zoom_body.png
share/gnome/ui/nautilus-clipboard-ui.xml
share/gnome/ui/nautilus-content-loser-ui.xml
share/gnome/ui/nautilus-desktop-icon-view-ui.xml
share/gnome/ui/nautilus-directory-view-ui.xml
share/gnome/ui/nautilus-icon-view-ui.xml
%%MOZILLA:%%share/gnome/ui/nautilus-mozilla-ui.xml
share/gnome/ui/nautilus-sample-content-view-ui.xml
share/gnome/ui/nautilus-search-list-view-ui.xml
share/gnome/ui/nautilus-service-ui.xml
share/gnome/ui/nautilus-shell-ui.xml
share/gnome/ui/nautilus-sidebar-loser-ui.xml
share/gnome/ui/nautilus-text-view-ui.xml
share/locale/ca/LC_MESSAGES/nautilus.mo
share/locale/da/LC_MESSAGES/nautilus.mo
share/locale/de/LC_MESSAGES/nautilus.mo
share/locale/en_GB/LC_MESSAGES/nautilus.mo
share/locale/es/LC_MESSAGES/nautilus.mo
share/locale/fi/LC_MESSAGES/nautilus.mo
share/locale/fr/LC_MESSAGES/nautilus.mo
share/locale/ga/LC_MESSAGES/nautilus.mo
share/locale/gl/LC_MESSAGES/nautilus.mo
share/locale/hu/LC_MESSAGES/nautilus.mo
share/locale/it/LC_MESSAGES/nautilus.mo
share/locale/ja/LC_MESSAGES/nautilus.mo
share/locale/ko/LC_MESSAGES/nautilus.mo
share/locale/nl/LC_MESSAGES/nautilus.mo
share/locale/no/LC_MESSAGES/nautilus.mo
share/locale/pl/LC_MESSAGES/nautilus.mo
share/locale/pt_BR/LC_MESSAGES/nautilus.mo
share/locale/ru/LC_MESSAGES/nautilus.mo
share/locale/sk/LC_MESSAGES/nautilus.mo
share/locale/sv/LC_MESSAGES/nautilus.mo
share/locale/ta/LC_MESSAGES/nautilus.mo
share/locale/tr/LC_MESSAGES/nautilus.mo
share/locale/uk/LC_MESSAGES/nautilus.mo
share/locale/zh_TW.Big5/LC_MESSAGES/nautilus.mo
@dirrm share/gnome/pixmaps/nautilus/villanova
@dirrm share/gnome/pixmaps/nautilus/throbber
@dirrm share/gnome/pixmaps/nautilus/sidebar_tab_pieces
@dirrm share/gnome/pixmaps/nautilus/gnome/throbber
@dirrm share/gnome/pixmaps/nautilus/gnome
@dirrm share/gnome/pixmaps/nautilus/crux_eggplant/throbber
@dirrm share/gnome/pixmaps/nautilus/crux_eggplant/sidebar_tab_pieces
@dirrm share/gnome/pixmaps/nautilus/crux_eggplant/backgrounds
@dirrm share/gnome/pixmaps/nautilus/crux_eggplant
@dirrm share/gnome/pixmaps/nautilus/arlo/throbber
@dirrm share/gnome/pixmaps/nautilus/arlo/sidebar_tab_pieces
@dirrm share/gnome/pixmaps/nautilus/arlo/backgrounds
@dirrm share/gnome/pixmaps/nautilus/arlo
@dirrm share/gnome/pixmaps/nautilus/ardmore
@dirrm share/gnome/pixmaps/nautilus
@dirrm share/gnome/nautilus/top
@dirrm share/gnome/nautilus/services/text
@dirrm share/gnome/nautilus/services
@dirrm share/gnome/nautilus/patterns
@dirrm share/gnome/nautilus/linksets
@dirrm share/gnome/nautilus/fonts/urw
@dirrm share/gnome/nautilus/fonts
@dirrm share/gnome/nautilus/emblems
@dirrm share/gnome/nautilus
@dirrm share/gnome/hyperbola/maps
@dirrm share/gnome/hyperbola
@dirrm share/gnome/help/nautilus/C
@dirrm share/gnome/help/nautilus
@dirrm share/gnome/help/gnufdl/C
@dirrm share/gnome/help/gnufdl
@dirrm include/libnautilus
